ts,Dtree,nDtree,HK,HDT
1266238080,1.264619932810104e-06,1.3640817916063074e-06,4.113312582882821e-06,4.016705479215032e-06
1266284160,8.806423744079641e-07,1.1397836982784994e-06,3.430795333461044e-06,3.247590441532417e-06
