ts,Dtree,nDtree,HK,HDT
1266238080,1.741418096202515e-06,1.9769544107981243e-06,2.9182772247348757e-05,1.9760943717891343e-05
1266284160,1.568993522402391e-06,1.9389850385940095e-06,3.375810672382223e-05,2.3166389455156572e-05
